com.samsung.shealth.sleep_snoring,6266001,3
duration,create_sh_ver,start_time,custom,modify_sh_ver,update_time,create_time,time_offset,deviceuuid,pkg_name,end_time,datauuid
86037,,2023-11-07 05:53:50.127,,,2023-11-07 12:48:31.900,2023-11-07 12:48:31.900,UTC-0300,S5IV8LmZrH,com.sec.android.app.shealth,2023-11-07 05:55:16.164,b1bcd3e0-f1d2-4f6b-bdc6-80ccb080213d,
77035,,2023-11-07 06:04:22.818,,,2023-11-07 12:48:31.900,2023-11-07 12:48:31.900,UTC-0300,S5IV8LmZrH,com.sec.android.app.shealth,2023-11-07 06:05:39.853,61e73194-b253-4f90-9ace-32f7a4c0d449,
349723,,2023-11-07 06:06:19.108,,,2023-11-07 12:48:31.901,2023-11-07 12:48:31.901,UTC-0300,S5IV8LmZrH,com.sec.android.app.shealth,2023-11-07 06:12:08.831,3389fcd5-fc75-4859-83bb-b07346c83dc5,
326953,,2023-11-07 06:12:48.552,,,2023-11-07 12:48:31.901,2023-11-07 12:48:31.901,UTC-0300,S5IV8LmZrH,com.sec.android.app.shealth,2023-11-07 06:18:15.505,a4f0f6b0-0af8-4825-bb51-8fb6f2e15a0e,
111947,,2023-11-07 06:44:17.626,,,2023-11-07 12:48:31.901,2023-11-07 12:48:31.901,UTC-0300,S5IV8LmZrH,com.sec.android.app.shealth,2023-11-07 06:46:09.573,f67f4f8e-910c-46a4-8ab9-f444f52166e8,
82041,,2023-11-07 06:48:52.445,,,2023-11-07 12:48:31.901,2023-11-07 12:48:31.901,UTC-0300,S5IV8LmZrH,com.sec.android.app.shealth,2023-11-07 06:50:14.486,a89f6fd5-1e31-4343-8be6-ac57be9c2de4,
326673,,2023-11-07 06:50:48.461,,,2023-11-07 12:48:31.902,2023-11-07 12:48:31.902,UTC-0300,S5IV8LmZrH,com.sec.android.app.shealth,2023-11-07 06:56:15.134,d45b4eec-ce90-4b5e-a287-6c92c8c4b0da,
80091,,2023-11-07 06:56:48.558,,,2023-11-07 12:48:31.902,2023-11-07 12:48:31.902,UTC-0300,S5IV8LmZrH,com.sec.android.app.shealth,2023-11-07 06:58:08.649,d1414a25-f2d6-49d9-84ad-2625b90771b4,
87141,,2023-11-07 07:00:18.553,,,2023-11-07 12:48:31.902,2023-11-07 12:48:31.902,UTC-0300,S5IV8LmZrH,com.sec.android.app.shealth,2023-11-07 07:01:45.694,f8daaebd-a5fa-4c44-ae18-1c1e8e6ecf6c,
1108065,,2023-11-07 07:02:16.419,,,2023-11-07 12:48:31.903,2023-11-07 12:48:31.903,UTC-0300,S5IV8LmZrH,com.sec.android.app.shealth,2023-11-07 07:20:44.484,8b3ed5e9-f9e4-4b49-b19a-1fa3e5fbe694,
359553,,2023-11-07 07:21:46.604,,,2023-11-07 12:48:31.903,2023-11-07 12:48:31.903,UTC-0300,S5IV8LmZrH,com.sec.android.app.shealth,2023-11-07 07:27:46.157,4d54f9b3-fd58-4149-9d28-b6ca578a218c,
296395,,2023-11-07 07:29:46.422,,,2023-11-07 12:48:31.903,2023-11-07 12:48:31.903,UTC-0300,S5IV8LmZrH,com.sec.android.app.shealth,2023-11-07 07:34:42.817,09189585-a9ee-43a6-8088-06020b227c1e,
414176,,2023-11-07 07:36:48.831,,,2023-11-07 12:48:31.903,2023-11-07 12:48:31.903,UTC-0300,S5IV8LmZrH,com.sec.android.app.shealth,2023-11-07 07:43:43.007,bec4a06a-9c3b-498e-ae6a-39ae9e1ac049,
148438,,2023-11-07 07:45:46.419,,,2023-11-07 12:48:31.904,2023-11-07 12:48:31.904,UTC-0300,S5IV8LmZrH,com.sec.android.app.shealth,2023-11-07 07:48:14.857,5511856a-642e-4bb1-9680-b2201c0eeccc,
288240,,2023-11-07 07:48:54.297,,,2023-11-07 12:48:31.904,2023-11-07 12:48:31.904,UTC-0300,S5IV8LmZrH,com.sec.android.app.shealth,2023-11-07 07:53:42.537,777d03e0-64a4-4a26-9137-196821c7cdd3,
82042,,2023-11-07 07:54:21.520,,,2023-11-07 12:48:31.904,2023-11-07 12:48:31.904,UTC-0300,S5IV8LmZrH,com.sec.android.app.shealth,2023-11-07 07:55:43.562,927e97f4-68e6-48ff-a2ae-e5345d44d976,
148159,,2023-11-07 08:02:46.698,,,2023-11-07 12:48:31.905,2023-11-07 12:48:31.905,UTC-0300,S5IV8LmZrH,com.sec.android.app.shealth,2023-11-07 08:05:14.857,69983304-e312-490d-a391-4859ec5412b8,
168796,,2023-11-07 08:05:50.036,,,2023-11-07 12:48:31.905,2023-11-07 12:48:31.905,UTC-0300,S5IV8LmZrH,com.sec.android.app.shealth,2023-11-07 08:08:38.832,65a55448-79d8-4e0d-8f32-a49b50da5e32,
146859,,2023-11-07 08:11:47.443,,,2023-11-07 12:48:31.905,2023-11-07 12:48:31.905,UTC-0300,S5IV8LmZrH,com.sec.android.app.shealth,2023-11-07 08:14:14.302,ce490f6b-c15b-4856-b93a-283bae56e5b6,
147787,,2023-11-07 08:45:17.813,,,2023-11-07 12:48:31.905,2023-11-07 12:48:31.905,UTC-0300,S5IV8LmZrH,com.sec.android.app.shealth,2023-11-07 08:47:45.600,7576cef3-6ed5-4e61-a379-3b445025f06f,
81852,,2023-11-07 08:48:47.632,,,2023-11-07 12:48:31.906,2023-11-07 12:48:31.906,UTC-0300,S5IV8LmZrH,com.sec.android.app.shealth,2023-11-07 08:50:09.484,3e5ff251-cfd9-4dd2-b1b6-6d7881a28679,
197034,,2023-11-07 09:03:54.022,,,2023-11-07 12:48:31.906,2023-11-07 12:48:31.906,UTC-0300,S5IV8LmZrH,com.sec.android.app.shealth,2023-11-07 09:07:11.056,18f09166-f21e-4f27-824d-754c5790bf6b,
147231,,2023-11-07 09:47:18.459,,,2023-11-07 12:48:31.906,2023-11-07 12:48:31.906,UTC-0300,S5IV8LmZrH,com.sec.android.app.shealth,2023-11-07 09:49:45.690,3f0006b3-1c48-40f9-9302-32bb6592eaf3,
172871,,2023-11-07 09:50:20.499,,,2023-11-07 12:48:31.907,2023-11-07 12:48:31.907,UTC-0300,S5IV8LmZrH,com.sec.android.app.shealth,2023-11-07 09:53:13.370,d21e7209-9bbc-4361-8308-f34b80230b08,
135922,,2023-11-07 10:00:53.743,,,2023-11-07 12:48:31.907,2023-11-07 12:48:31.907,UTC-0300,S5IV8LmZrH,com.sec.android.app.shealth,2023-11-07 10:03:09.665,78f55951-c9b6-4298-9e2f-b112b2b94f04,
118340,,2023-11-07 10:16:47.443,,,2023-11-07 12:48:31.907,2023-11-07 12:48:31.907,UTC-0300,S5IV8LmZrH,com.sec.android.app.shealth,2023-11-07 10:18:45.783,7e9ce3c3-8b45-4880-b4c9-9364f1e7c4a6,
116490,,2023-11-07 10:29:16.791,,,2023-11-07 12:48:31.907,2023-11-07 12:48:31.907,UTC-0300,S5IV8LmZrH,com.sec.android.app.shealth,2023-11-07 10:31:13.281,b7c1b774-547a-4c82-82c3-d1382c3dc87a,
87790,,2023-11-07 12:02:48.246,,,2023-11-07 12:48:31.908,2023-11-07 12:48:31.908,UTC-0300,S5IV8LmZrH,com.sec.android.app.shealth,2023-11-07 12:04:16.036,a982f493-9497-4f7d-b8b5-14f380be9fa9,
146582,,2023-11-08 05:11:04.451,,,2023-11-08 13:05:17.521,2023-11-08 13:05:17.521,UTC-0300,S5IV8LmZrH,com.sec.android.app.shealth,2023-11-08 05:13:31.033,10c7a6ec-9efc-4fd2-b8e7-bbfeea620e42,
79169,,2023-11-08 05:23:11.589,,,2023-11-08 13:05:17.521,2023-11-08 13:05:17.521,UTC-0300,S5IV8LmZrH,com.sec.android.app.shealth,2023-11-08 05:24:30.758,d32e4e99-823d-4dbd-a4fb-1cf4eb3d9e88,
118523,,2023-11-08 05:30:33.988,,,2023-11-08 13:05:17.521,2023-11-08 13:05:17.521,UTC-0300,S5IV8LmZrH,com.sec.android.app.shealth,2023-11-08 05:32:32.511,c412998d-265c-411a-85cd-d3a49d97e5b8,
268157,,2023-11-08 05:34:33.710,,,2023-11-08 13:05:17.521,2023-11-08 13:05:17.521,UTC-0300,S5IV8LmZrH,com.sec.android.app.shealth,2023-11-08 05:39:01.867,3618fb40-2e58-464e-8cdf-9fb45b65c926,
238623,,2023-11-08 05:40:33.708,,,2023-11-08 13:05:17.521,2023-11-08 13:05:17.521,UTC-0300,S5IV8LmZrH,com.sec.android.app.shealth,2023-11-08 05:44:32.331,607a49bb-f555-40a2-8d19-e92659fc5c19,
143430,,2023-11-08 05:45:06.860,,,2023-11-08 13:05:17.521,2023-11-08 13:05:17.521,UTC-0300,S5IV8LmZrH,com.sec.android.app.shealth,2023-11-08 05:47:30.290,32199468-57d5-4c09-9128-a15ea486f485,
81674,,2023-11-08 06:02:11.769,,,2023-11-08 13:05:17.521,2023-11-08 13:05:17.521,UTC-0300,S5IV8LmZrH,com.sec.android.app.shealth,2023-11-08 06:03:33.443,dd32312f-235b-4228-a8ef-885326dcf929,
78612,,2023-11-08 06:29:42.331,,,2023-11-08 13:05:17.521,2023-11-08 13:05:17.521,UTC-0300,S5IV8LmZrH,com.sec.android.app.shealth,2023-11-08 06:31:00.943,0300da49-1235-4893-9cf2-9d3b14c40dc8,
589070,,2023-11-08 06:41:10.386,,,2023-11-08 13:05:17.521,2023-11-08 13:05:17.521,UTC-0300,S5IV8LmZrH,com.sec.android.app.shealth,2023-11-08 06:50:59.456,472256d2-d53d-41e7-aa13-a37ac94faadf,
178157,,2023-11-08 06:51:33.895,,,2023-11-08 13:05:17.521,2023-11-08 13:05:17.521,UTC-0300,S5IV8LmZrH,com.sec.android.app.shealth,2023-11-08 06:54:32.052,b389ab0f-8b11-471c-a137-965c14c33f25,
443150,,2023-11-08 06:55:05.658,,,2023-11-08 13:05:17.521,2023-11-08 13:05:17.521,UTC-0300,S5IV8LmZrH,com.sec.android.app.shealth,2023-11-08 07:02:28.808,026f1231-23c3-412b-94f4-d3b277cba86d,
290834,,2023-11-08 07:19:35.097,,,2023-11-08 13:05:17.521,2023-11-08 13:05:17.521,UTC-0300,S5IV8LmZrH,com.sec.android.app.shealth,2023-11-08 07:24:25.931,8002ae97-d6d0-441f-aa5e-78c3e83d4bc8,
263342,,2023-11-08 07:37:09.730,,,2023-11-08 13:05:17.521,2023-11-08 13:05:17.521,UTC-0300,S5IV8LmZrH,com.sec.android.app.shealth,2023-11-08 07:41:33.072,b2d51d21-00df-4276-8e54-033ec47f4eb6,
111947,,2023-11-08 07:42:04.822,,,2023-11-08 13:05:17.521,2023-11-08 13:05:17.521,UTC-0300,S5IV8LmZrH,com.sec.android.app.shealth,2023-11-08 07:43:56.769,e5acffb2-cb1b-4a65-8790-a00406aa176c,
114450,,2023-11-08 07:46:03.709,,,2023-11-08 13:05:17.521,2023-11-08 13:05:17.521,UTC-0300,S5IV8LmZrH,com.sec.android.app.shealth,2023-11-08 07:47:58.159,106841a9-329b-4103-b985-ac45f0c05e60,
88074,,2023-11-08 08:09:33.707,,,2023-11-08 13:05:17.521,2023-11-08 13:05:17.521,UTC-0300,S5IV8LmZrH,com.sec.android.app.shealth,2023-11-08 08:11:01.781,e9a52706-32db-45cc-9870-76f4a0390787,
226476,,2023-11-08 08:13:42.146,,,2023-11-08 13:05:17.521,2023-11-08 13:05:17.521,UTC-0300,S5IV8LmZrH,com.sec.android.app.shealth,2023-11-08 08:17:28.622,cff215a0-5cb7-4dc1-b80a-1d6f26afb13b,
116676,,2023-11-08 08:21:04.449,,,2023-11-08 13:05:17.521,2023-11-08 13:05:17.521,UTC-0300,S5IV8LmZrH,com.sec.android.app.shealth,2023-11-08 08:23:01.125,3c942bd3-f614-4cbf-8feb-3d67ab9dde5c,
175197,,2023-11-08 08:23:36.113,,,2023-11-08 13:05:17.521,2023-11-08 13:05:17.521,UTC-0300,S5IV8LmZrH,com.sec.android.app.shealth,2023-11-08 08:26:31.310,8e95e275-d144-4a7f-8785-be62923b5c3b,
117046,,2023-11-08 08:36:35.101,,,2023-11-08 13:05:17.521,2023-11-08 13:05:17.521,UTC-0300,S5IV8LmZrH,com.sec.android.app.shealth,2023-11-08 08:38:32.147,67cb5581-5096-49c4-8db7-96e3d6da3bdd,
164341,,2023-11-08 08:50:11.032,,,2023-11-08 13:05:17.521,2023-11-08 13:05:17.521,UTC-0300,S5IV8LmZrH,com.sec.android.app.shealth,2023-11-08 08:52:55.373,456259f3-3539-4490-b86e-e5c087720de3,
85013,,2023-11-08 09:35:03.892,,,2023-11-08 13:05:17.521,2023-11-08 13:05:17.521,UTC-0300,S5IV8LmZrH,com.sec.android.app.shealth,2023-11-08 09:36:28.905,6a9892da-bf65-4afc-9831-9f5bd2b0b30c,
114819,,2023-11-08 09:42:05.841,,,2023-11-08 13:05:17.521,2023-11-08 13:05:17.521,UTC-0300,S5IV8LmZrH,com.sec.android.app.shealth,2023-11-08 09:44:00.660,3e008697-05c8-43ff-ad8d-92cfd2145ba5,
208713,,2023-11-08 09:45:03.711,,,2023-11-08 13:05:17.521,2023-11-08 13:05:17.521,UTC-0300,S5IV8LmZrH,com.sec.android.app.shealth,2023-11-08 09:48:32.424,0eb660b5-9fda-4210-a7ad-1c4e0bc47aca,
138052,,2023-11-08 09:49:09.179,,,2023-11-08 13:05:17.521,2023-11-08 13:05:17.521,UTC-0300,S5IV8LmZrH,com.sec.android.app.shealth,2023-11-08 09:51:27.231,054d604a-d7b1-41bd-95c9-2390f9ee1fb6,
388992,,2023-11-08 09:52:03.709,,,2023-11-08 13:05:17.521,2023-11-08 13:05:17.521,UTC-0300,S5IV8LmZrH,com.sec.android.app.shealth,2023-11-08 09:58:32.701,5aff19ec-4886-486a-8080-dd622dbac164,
86682,,2023-11-08 11:30:35.376,,,2023-11-08 13:05:17.522,2023-11-08 13:05:17.522,UTC-0300,S5IV8LmZrH,com.sec.android.app.shealth,2023-11-08 11:32:02.058,09c93c7d-f454-4e3d-85b3-c3fc07405ce0,
79636,,2023-11-08 12:36:09.548,,,2023-11-08 13:05:17.522,2023-11-08 13:05:17.522,UTC-0300,S5IV8LmZrH,com.sec.android.app.shealth,2023-11-08 12:37:29.184,615bd123-b84d-416e-81aa-f064d2ed09c7,
713122,,2023-11-09 07:17:05.587,,,2023-11-09 13:17:02.754,2023-11-09 13:17:02.754,UTC-0300,S5IV8LmZrH,com.sec.android.app.shealth,2023-11-09 07:28:58.709,39e11ba0-ca0f-472a-b369-faf5eb7a76c4,
140092,,2023-11-09 07:41:37.227,,,2023-11-09 13:17:02.755,2023-11-09 13:17:02.755,UTC-0300,S5IV8LmZrH,com.sec.android.app.shealth,2023-11-09 07:43:57.319,316d35da-00c9-4c98-8cfb-b611d2e73ac6,
296669,,2023-11-09 07:44:34.816,,,2023-11-09 13:17:02.755,2023-11-09 13:17:02.755,UTC-0300,S5IV8LmZrH,com.sec.android.app.shealth,2023-11-09 07:49:31.485,d8cab762-20c9-4d2f-88db-debdd78481dc,
88996,,2023-11-09 08:08:05.560,,,2023-11-09 13:17:02.755,2023-11-09 13:17:02.755,UTC-0300,S5IV8LmZrH,com.sec.android.app.shealth,2023-11-09 08:09:34.556,4f1c9b4a-c27f-4728-b799-a5d4836c97b8,
84734,,2023-11-09 08:11:36.856,,,2023-11-09 13:17:02.755,2023-11-09 13:17:02.755,UTC-0300,S5IV8LmZrH,com.sec.android.app.shealth,2023-11-09 08:13:01.590,a5fb79d7-b84c-4208-a700-b5de6dd11c9b,
81398,,2023-11-09 08:18:39.818,,,2023-11-09 13:17:02.755,2023-11-09 13:17:02.755,UTC-0300,S5IV8LmZrH,com.sec.android.app.shealth,2023-11-09 08:20:01.216,27a616da-0e4a-4081-8485-15b770670616,
175657,,2023-11-09 08:20:35.275,,,2023-11-09 13:17:02.755,2023-11-09 13:17:02.755,UTC-0300,S5IV8LmZrH,com.sec.android.app.shealth,2023-11-09 08:23:30.932,fb4e883a-5942-45df-bb1e-4fb26a2a4423,
81860,,2023-11-09 08:24:38.615,,,2023-11-09 13:17:02.756,2023-11-09 13:17:02.756,UTC-0300,S5IV8LmZrH,com.sec.android.app.shealth,2023-11-09 08:26:00.475,1f1cd717-08b1-4fe6-8ca1-86545d09db7f,
82228,,2023-11-09 08:31:42.044,,,2023-11-09 13:17:02.756,2023-11-09 13:17:02.756,UTC-0300,S5IV8LmZrH,com.sec.android.app.shealth,2023-11-09 08:33:04.272,8758190f-cccb-4046-a1ce-68e3bdcc1a06,
479178,,2023-11-09 08:38:34.812,,,2023-11-09 13:17:02.756,2023-11-09 13:17:02.756,UTC-0300,S5IV8LmZrH,com.sec.android.app.shealth,2023-11-09 08:46:33.990,fc354391-3ba4-4eae-af33-aa5e18d0e871,
85469,,2023-11-09 09:06:38.058,,,2023-11-09 13:17:02.756,2023-11-09 13:17:02.756,UTC-0300,S5IV8LmZrH,com.sec.android.app.shealth,2023-11-09 09:08:03.527,4d57c95f-89e6-462d-8929-023efb0d4592,
236578,,2023-11-09 09:13:36.482,,,2023-11-09 13:17:02.756,2023-11-09 13:17:02.756,UTC-0300,S5IV8LmZrH,com.sec.android.app.shealth,2023-11-09 09:17:33.060,882011e7-9712-44ff-9555-067e7456eb49,
82129,,2023-11-09 09:20:11.397,,,2023-11-09 13:17:02.756,2023-11-09 13:17:02.756,UTC-0300,S5IV8LmZrH,com.sec.android.app.shealth,2023-11-09 09:21:33.526,76b1ec88-dc6e-4681-b9dd-0ce697758a7a,
172776,,2023-11-09 09:26:09.358,,,2023-11-09 13:17:02.757,2023-11-09 13:17:02.757,UTC-0300,S5IV8LmZrH,com.sec.android.app.shealth,2023-11-09 09:29:02.134,930172a5-92ed-450b-8aa2-899d689aaf22,
203983,,2023-11-09 09:29:35.462,,,2023-11-09 13:17:02.757,2023-11-09 13:17:02.757,UTC-0300,S5IV8LmZrH,com.sec.android.app.shealth,2023-11-09 09:32:59.445,0405d039-557d-4790-af13-691eb4ded747,
204448,,2023-11-09 09:33:34.816,,,2023-11-09 13:17:02.757,2023-11-09 13:17:02.757,UTC-0300,S5IV8LmZrH,com.sec.android.app.shealth,2023-11-09 09:36:59.264,c1646e98-e911-43e4-a86d-4c14f50f13cc,
174729,,2023-11-09 09:38:35.927,,,2023-11-09 13:17:02.757,2023-11-09 13:17:02.757,UTC-0300,S5IV8LmZrH,com.sec.android.app.shealth,2023-11-09 09:41:30.656,1a32a76d-c6f8-4f8c-97a5-2702eb3e0c96,
113338,,2023-11-09 09:43:37.130,,,2023-11-09 13:17:02.757,2023-11-09 13:17:02.757,UTC-0300,S5IV8LmZrH,com.sec.android.app.shealth,2023-11-09 09:45:30.468,5e6cbf02-78de-4e78-b14a-9820138baa9d,
82134,,2023-11-09 09:48:06.945,,,2023-11-09 13:17:02.757,2023-11-09 13:17:02.757,UTC-0300,S5IV8LmZrH,com.sec.android.app.shealth,2023-11-09 09:49:29.079,d3d78fda-57fb-4d1d-8bce-f1626b7fefab,
230733,,2023-11-09 09:58:11.307,,,2023-11-09 13:17:02.758,2023-11-09 13:17:02.758,UTC-0300,S5IV8LmZrH,com.sec.android.app.shealth,2023-11-09 10:02:02.040,ef565aba-9587-4ff5-a4ce-fc122ccfec57,
85387,,2023-11-09 10:24:37.221,,,2023-11-09 13:17:02.758,2023-11-09 13:17:02.758,UTC-0300,S5IV8LmZrH,com.sec.android.app.shealth,2023-11-09 10:26:02.608,908c20b2-70ae-4842-96a1-b16dabfdb01a,
147973,,2023-11-09 11:19:04.813,,,2023-11-09 13:17:02.758,2023-11-09 13:17:02.758,UTC-0300,S5IV8LmZrH,com.sec.android.app.shealth,2023-11-09 11:21:32.786,ec3804d2-0328-418b-a3f4-d1c4470f55f2,
174357,,2023-11-09 11:22:04.811,,,2023-11-09 13:17:02.758,2023-11-09 13:17:02.758,UTC-0300,S5IV8LmZrH,com.sec.android.app.shealth,2023-11-09 11:24:59.168,fd87d623-d42a-4215-a548-244c39deb96f,
235102,,2023-11-09 11:25:38.521,,,2023-11-09 13:17:02.758,2023-11-09 13:17:02.758,UTC-0300,S5IV8LmZrH,com.sec.android.app.shealth,2023-11-09 11:29:33.623,237cdcfc-7a28-4ee3-b613-535790eaf22e,
84273,,2023-11-09 11:30:06.762,,,2023-11-09 13:17:02.758,2023-11-09 13:17:02.758,UTC-0300,S5IV8LmZrH,com.sec.android.app.shealth,2023-11-09 11:31:31.035,b5771f87-7e06-4a4f-a68c-09947e9499a5,
78801,,2023-11-09 11:34:43.716,,,2023-11-09 13:17:02.759,2023-11-09 13:17:02.759,UTC-0300,S5IV8LmZrH,com.sec.android.app.shealth,2023-11-09 11:36:02.517,d8dc7cec-f5cb-4e28-933f-2ed2338bfab2,
113804,,2023-11-09 12:17:35.464,,,2023-11-09 13:17:02.759,2023-11-09 13:17:02.759,UTC-0300,S5IV8LmZrH,com.sec.android.app.shealth,2023-11-09 12:19:29.268,f358c0f5-b24a-4599-ab82-640bbbda7e75,
81862,,2023-11-09 12:24:40.374,,,2023-11-09 13:17:02.759,2023-11-09 13:17:02.759,UTC-0300,S5IV8LmZrH,com.sec.android.app.shealth,2023-11-09 12:26:02.236,03b47f91-02de-4484-b4f7-a97919b50bee,
82790,,2023-11-10 04:49:03.181,,,2023-11-10 11:25:56.106,2023-11-10 11:25:56.106,UTC-0300,S5IV8LmZrH,com.sec.android.app.shealth,2023-11-10 04:50:25.971,fcb16473-6dba-4e9f-8479-8105671d00cc,
1071392,,2023-11-10 04:57:31.603,,,2023-11-10 11:25:56.107,2023-11-10 11:25:56.107,UTC-0300,S5IV8LmZrH,com.sec.android.app.shealth,2023-11-10 05:15:22.995,e97e54a1-d7f1-47d4-9456-eb455e3f1281,
236394,,2023-11-10 06:16:29.383,,,2023-11-10 11:25:56.107,2023-11-10 11:25:56.107,UTC-0300,S5IV8LmZrH,com.sec.android.app.shealth,2023-11-10 06:20:25.777,996f746a-3fac-468f-a98b-a4884a221ec7,
567226,,2023-11-10 06:22:26.971,,,2023-11-10 11:25:56.109,2023-11-10 11:25:56.109,UTC-0300,S5IV8LmZrH,com.sec.android.app.shealth,2023-11-10 06:31:54.197,1c7cfc86-45f4-4ca2-936b-063375e3724f,
536306,,2023-11-10 06:45:57.339,,,2023-11-10 11:25:56.109,2023-11-10 11:25:56.109,UTC-0300,S5IV8LmZrH,com.sec.android.app.shealth,2023-11-10 06:54:53.645,e53f15c6-5562-44d6-8514-6c2e7f95db8e,
321297,,2023-11-10 07:03:32.993,,,2023-11-10 11:25:56.109,2023-11-10 11:25:56.109,UTC-0300,S5IV8LmZrH,com.sec.android.app.shealth,2023-11-10 07:08:54.290,f2490a14-38bd-439b-8e48-71d71eb4b0a5,
178162,,2023-11-10 07:09:26.782,,,2023-11-10 11:25:56.110,2023-11-10 11:25:56.110,UTC-0300,S5IV8LmZrH,com.sec.android.app.shealth,2023-11-10 07:12:24.944,85391b78-f302-4133-9298-be299e5ce335,
118526,,2023-11-10 07:12:57.899,,,2023-11-10 11:25:56.110,2023-11-10 11:25:56.110,UTC-0300,S5IV8LmZrH,com.sec.android.app.shealth,2023-11-10 07:14:56.425,e1dee7fc-33a1-41b7-9d1b-791094fe8e8b,
528427,,2023-11-10 07:15:34.012,,,2023-11-10 11:25:56.110,2023-11-10 11:25:56.110,UTC-0300,S5IV8LmZrH,com.sec.android.app.shealth,2023-11-10 07:24:22.439,22d0e1df-dd47-4749-a6a8-acb6594575a9,
170554,,2023-11-10 07:31:04.105,,,2023-11-10 11:25:56.111,2023-11-10 11:25:56.111,UTC-0300,S5IV8LmZrH,com.sec.android.app.shealth,2023-11-10 07:33:54.659,4128b277-f8f7-484d-a2ec-cd85d0e1539d,
83156,,2023-11-10 07:37:27.065,,,2023-11-10 11:25:56.111,2023-11-10 11:25:56.111,UTC-0300,S5IV8LmZrH,com.sec.android.app.shealth,2023-11-10 07:38:50.221,7367049b-4e7a-4e65-b7f2-47d7b431b4b9,
474544,,2023-11-10 08:16:28.266,,,2023-11-10 11:25:56.111,2023-11-10 11:25:56.111,UTC-0300,S5IV8LmZrH,com.sec.android.app.shealth,2023-11-10 08:24:22.810,8fdd456d-13e9-4d6d-938f-ec161ce13d2e,
138893,,2023-11-10 08:25:03.824,,,2023-11-10 11:25:56.112,2023-11-10 11:25:56.112,UTC-0300,S5IV8LmZrH,com.sec.android.app.shealth,2023-11-10 08:27:22.717,418008f5-4c7b-468d-a973-fc03a116949b,
143337,,2023-11-10 08:27:58.084,,,2023-11-10 11:25:56.112,2023-11-10 11:25:56.112,UTC-0300,S5IV8LmZrH,com.sec.android.app.shealth,2023-11-10 08:30:21.421,433cb7ac-f76a-41e0-9579-c3cf4c1d24c7,
169072,,2023-11-10 08:34:30.583,,,2023-11-10 11:25:56.112,2023-11-10 11:25:56.112,UTC-0300,S5IV8LmZrH,com.sec.android.app.shealth,2023-11-10 08:37:19.655,4aaa7b75-b693-45f1-8990-d5a2ff0e98ea,
87231,,2023-11-10 08:58:58.081,,,2023-11-10 11:25:56.112,2023-11-10 11:25:56.112,UTC-0300,S5IV8LmZrH,com.sec.android.app.shealth,2023-11-10 09:00:25.312,e7d16441-3edb-43aa-9dff-44a59b71fc33,
118995,,2023-11-10 09:01:27.336,,,2023-11-10 11:25:56.113,2023-11-10 11:25:56.113,UTC-0300,S5IV8LmZrH,com.sec.android.app.shealth,2023-11-10 09:03:26.331,a0b7ccd2-c26f-497a-953c-9bc952ed4451,
109537,,2023-11-10 09:11:33.177,,,2023-11-10 11:25:56.113,2023-11-10 11:25:56.113,UTC-0300,S5IV8LmZrH,com.sec.android.app.shealth,2023-11-10 09:13:22.714,b91c6809-dbc7-432f-a026-80570b00bffe,
596921,,2023-11-11 08:26:49.931,,,2023-11-11 13:41:23.622,2023-11-11 13:41:23.622,UTC-0300,S5IV8LmZrH,com.sec.android.app.shealth,2023-11-11 08:36:46.852,7bfacf45-3385-44b5-a38f-7d876303a04b,
686958,,2023-11-11 08:38:47.770,,,2023-11-11 13:41:23.622,2023-11-11 13:41:23.622,UTC-0300,S5IV8LmZrH,com.sec.android.app.shealth,2023-11-11 08:50:14.728,bbd45a2f-09fc-42a4-9e3d-228128813a5b,
206951,,2023-11-11 08:50:47.867,,,2023-11-11 13:41:23.622,2023-11-11 13:41:23.622,UTC-0300,S5IV8LmZrH,com.sec.android.app.shealth,2023-11-11 08:54:14.818,10c828f1-f6d9-48a5-81e7-55c9d4ef2572,
78895,,2023-11-11 09:14:56.115,,,2023-11-11 13:41:23.623,2023-11-11 13:41:23.623,UTC-0300,S5IV8LmZrH,com.sec.android.app.shealth,2023-11-11 09:16:15.010,b7007ccf-d59a-41c3-9156-437981142982,
109166,,2023-11-11 10:16:53.799,,,2023-11-11 13:41:23.623,2023-11-11 13:41:23.623,UTC-0300,S5IV8LmZrH,com.sec.android.app.shealth,2023-11-11 10:18:42.965,57803452-c073-4bfb-8254-1eea3c9ae6f1,
81296,,2023-11-11 10:19:25.467,,,2023-11-11 13:41:23.623,2023-11-11 13:41:23.623,UTC-0300,S5IV8LmZrH,com.sec.android.app.shealth,2023-11-11 10:20:46.763,04ae1b3f-ae79-409c-80a8-39f276674a4b,
179545,,2023-11-11 10:33:17.865,,,2023-11-11 13:41:23.623,2023-11-11 13:41:23.623,UTC-0300,S5IV8LmZrH,com.sec.android.app.shealth,2023-11-11 10:36:17.410,6793acc5-05d7-429b-80e5-7a82ef1ff6ad,
326488,,2023-11-11 10:47:47.587,,,2023-11-11 13:41:23.624,2023-11-11 13:41:23.624,UTC-0300,S5IV8LmZrH,com.sec.android.app.shealth,2023-11-11 10:53:14.075,d90d5111-e38e-4b60-906b-bb74e83e7b0f,
83433,,2023-11-11 11:28:19.723,,,2023-11-11 13:41:23.624,2023-11-11 13:41:23.624,UTC-0300,S5IV8LmZrH,com.sec.android.app.shealth,2023-11-11 11:29:43.156,ea9bed79-0562-4648-9c87-af5284ff44f2,
288145,,2023-11-11 11:51:54.078,,,2023-11-11 13:41:23.624,2023-11-11 13:41:23.624,UTC-0300,S5IV8LmZrH,com.sec.android.app.shealth,2023-11-11 11:56:42.223,bb4065c9-d088-4636-9140-f0f5c570e62c,
112872,,2023-11-11 11:58:23.245,,,2023-11-11 13:41:23.624,2023-11-11 13:41:23.624,UTC-0300,S5IV8LmZrH,com.sec.android.app.shealth,2023-11-11 12:00:16.117,dab05817-3391-4108-9ca7-ef7005b005fb,
1734146,,2023-11-12 06:36:03.042,,,2023-11-12 11:47:42.973,2023-11-12 11:47:42.973,UTC-0300,S5IV8LmZrH,com.sec.android.app.shealth,2023-11-12 07:04:57.188,8c995865-8ad2-4049-a505-a5871c53370d,
118620,,2023-11-12 07:17:02.371,,,2023-11-12 11:47:42.974,2023-11-12 11:47:42.974,UTC-0300,S5IV8LmZrH,com.sec.android.app.shealth,2023-11-12 07:19:00.991,ec2e94c3-5d02-44e9-b829-57220c138c88,
292318,,2023-11-12 07:47:09.909,,,2023-11-12 11:47:42.974,2023-11-12 11:47:42.974,UTC-0300,S5IV8LmZrH,com.sec.android.app.shealth,2023-11-12 07:52:02.227,aab20ea8-8b06-425b-a7e1-21eba624333c,
88350,,2023-11-12 07:52:36.108,,,2023-11-12 11:47:42.974,2023-11-12 11:47:42.974,UTC-0300,S5IV8LmZrH,com.sec.android.app.shealth,2023-11-12 07:54:04.458,afa205bb-05d3-4eb2-a636-004dc17a3ae4,
716392,,2023-11-12 07:54:36.109,,,2023-11-12 11:47:42.974,2023-11-12 11:47:42.974,UTC-0300,S5IV8LmZrH,com.sec.android.app.shealth,2023-11-12 08:06:32.501,1facf762-e006-4f5a-9152-9f1d8df35e01,
532965,,2023-11-12 08:09:10.094,,,2023-11-12 11:47:42.974,2023-11-12 11:47:42.974,UTC-0300,S5IV8LmZrH,com.sec.android.app.shealth,2023-11-12 08:18:03.059,e138afd2-d748-402d-9998-741fa560dac9,
176490,,2023-11-12 08:23:06.943,,,2023-11-12 11:47:42.975,2023-11-12 11:47:42.975,UTC-0300,S5IV8LmZrH,com.sec.android.app.shealth,2023-11-12 08:26:03.433,429f8e8d-f4dd-4e72-bd27-b0577956095b,
171578,,2023-11-12 08:28:08.422,,,2023-11-12 11:47:42.975,2023-11-12 11:47:42.975,UTC-0300,S5IV8LmZrH,com.sec.android.app.shealth,2023-11-12 08:31:00.000,f52a316d-9b9d-48a1-939c-471265d5d143,
84727,,2023-11-12 08:31:38.794,,,2023-11-12 11:47:42.975,2023-11-12 11:47:42.975,UTC-0300,S5IV8LmZrH,com.sec.android.app.shealth,2023-11-12 08:33:03.521,fc97adf2-fb29-45a7-a52c-84a8417aee3d,
81204,,2023-11-12 08:33:40.091,,,2023-11-12 11:47:42.975,2023-11-12 11:47:42.975,UTC-0300,S5IV8LmZrH,com.sec.android.app.shealth,2023-11-12 08:35:01.295,0e179575-0162-4cd6-8ea5-52aca88f5570,
88251,,2023-11-12 08:40:36.107,,,2023-11-12 11:47:42.975,2023-11-12 11:47:42.975,UTC-0300,S5IV8LmZrH,com.sec.android.app.shealth,2023-11-12 08:42:04.358,021bca94-eb3d-46b4-8b8c-8d7d713fc77c,
106479,,2023-11-12 09:21:12.597,,,2023-11-12 11:47:42.975,2023-11-12 11:47:42.975,UTC-0300,S5IV8LmZrH,com.sec.android.app.shealth,2023-11-12 09:22:59.076,a46e10ac-b2eb-4a9b-b0cb-53b53e86ab77,
174724,,2023-11-12 09:26:09.723,,,2023-11-12 11:47:42.975,2023-11-12 11:47:42.975,UTC-0300,S5IV8LmZrH,com.sec.android.app.shealth,2023-11-12 09:29:04.447,f6e83a7c-6e58-4c20-ba3a-07d8d6654c8c,
147322,,2023-11-12 09:37:37.035,,,2023-11-12 11:47:42.976,2023-11-12 11:47:42.976,UTC-0300,S5IV8LmZrH,com.sec.android.app.shealth,2023-11-12 09:40:04.357,dead6e70-7971-40d3-841c-dd9d9665d8b0,
78525,,2023-11-12 10:02:43.985,,,2023-11-12 11:47:42.976,2023-11-12 11:47:42.976,UTC-0300,S5IV8LmZrH,com.sec.android.app.shealth,2023-11-12 10:04:02.510,737ef8e2-e5e7-44ff-a490-382804100a50,
84082,,2023-11-12 10:22:07.772,,,2023-11-12 11:47:42.976,2023-11-12 11:47:42.976,UTC-0300,S5IV8LmZrH,com.sec.android.app.shealth,2023-11-12 10:23:31.854,601055a8-9508-4952-90a5-3ac14c272c94,
118526,,2023-11-12 10:29:36.109,,,2023-11-12 11:47:42.976,2023-11-12 11:47:42.976,UTC-0300,S5IV8LmZrH,com.sec.android.app.shealth,2023-11-12 10:31:34.635,ca8a2bdf-52c4-4210-9f1c-bbc77b9c9892,
195368,,2023-11-12 10:32:14.079,,,2023-11-12 11:47:42.976,2023-11-12 11:47:42.976,UTC-0300,S5IV8LmZrH,com.sec.android.app.shealth,2023-11-12 10:35:29.447,1fdbcfab-f557-4e52-a9e6-9f76b813b395,
144079,,2023-11-12 10:37:10.927,,,2023-11-12 11:47:42.978,2023-11-12 11:47:42.978,UTC-0300,S5IV8LmZrH,com.sec.android.app.shealth,2023-11-12 10:39:35.006,7c02b42e-94f2-4cb5-924d-553e134cde7c,
81301,,2023-11-12 10:41:07.957,,,2023-11-12 11:47:42.979,2023-11-12 11:47:42.979,UTC-0300,S5IV8LmZrH,com.sec.android.app.shealth,2023-11-12 10:42:29.258,14ef9c41-d6ce-414f-afb8-445622a36083,
82875,,2023-11-12 10:46:06.104,,,2023-11-12 11:47:42.979,2023-11-12 11:47:42.979,UTC-0300,S5IV8LmZrH,com.sec.android.app.shealth,2023-11-12 10:47:28.979,d6d70154-55e1-4c46-9feb-0308b9262736,
143246,,2023-11-12 10:49:41.109,,,2023-11-12 11:47:42.979,2023-11-12 11:47:42.979,UTC-0300,S5IV8LmZrH,com.sec.android.app.shealth,2023-11-12 10:52:04.355,c53cae9b-ee27-4188-8805-0e4f5dbbb119,
144629,,2023-11-12 11:13:38.239,,,2023-11-12 11:47:42.979,2023-11-12 11:47:42.979,UTC-0300,S5IV8LmZrH,com.sec.android.app.shealth,2023-11-12 11:16:02.868,31f9ba27-c6f0-4e74-baf2-fa51c2ebf0db,
233898,,2023-11-12 11:16:39.811,,,2023-11-12 11:47:42.980,2023-11-12 11:47:42.980,UTC-0300,S5IV8LmZrH,com.sec.android.app.shealth,2023-11-12 11:20:33.709,ff676208-14bb-4727-a944-df67ca0a5050,
